[
  {
    "Id": "1121209",
    "ThreadId": "467529",
    "Html": "I found an Error in this program and i think that's a Logical Error.(However i didn't review source of the program).\r<br />\nNow i want to explane what's the problem:\r<br />\nif you run the program and check the checkbox then every thing is ok at the first time.\r<br />\nbut when you uncheck and check it again, you will see every event is being called two times instead of one time!\r<br />\nnow uncheck and check it again (for the third time) then you will see every event is being called three times instead of one time!\r<br />\n(you can check and uncheck it for several times and see several repetition increment!)\r<br />\n<br />\nSolution:\r<br />\nthe easiest way is to check (and may record) time of event calling and then null the event repetition. \r<br />\nBUT the easiest way is the worst way because it isn't the engineered solution and overflow will happen in program structure at long time usages of it (when we face with huge increment of repetition).<br />\n",
    "PostedDate": "2013-11-10T11:56:37.92-08:00",
    "UserRole": null,
    "MarkedAsAnswerDate": null
  }
]