[
  {
    "Id": "0",
    "Name": "KeyboardMouseHooks Classes v1",
    "DevelopmentStatus": "Stable",
    "Description": "Package includes:\n* KeyboardHook Class\n* MouseHook Class\n* Demo Application\n* Full VIsual Studio Solution",
    "ReleasedDatge": "0001-01-01T00:00:00",
    "ModifiedDate": "2011-01-27T10:16:39.1-08:00",
    "Files": [
      {
        "Id": "aaefd796-d49d-4696-8127-8c3cf196eee3",
        "FileName": "full_solution.zip",
        "Url": "./0/aaefd796-d49d-4696-8127-8c3cf196eee3",
        "Type": "Application",
        "UploadDate": "2011-01-22T07:18:11.43-08:00"
      },
      {
        "Id": "bb240d0b-06ae-4af8-819a-07a1c9e942fb",
        "FileName": "KeyboardHook.cs",
        "Url": "./0/bb240d0b-06ae-4af8-819a-07a1c9e942fb",
        "Type": "Source Code",
        "UploadDate": "2011-01-22T07:18:11.367-08:00"
      },
      {
        "Id": "399f0a1b-6303-4491-95b2-a0a3510ea93a",
        "FileName": "MouseHook.cs",
        "Url": "./0/399f0a1b-6303-4491-95b2-a0a3510ea93a",
        "Type": "Source Code",
        "UploadDate": "2011-01-22T07:18:11.383-08:00"
      },
      {
        "Id": "00148808-7b42-4b5c-81aa-d335a101d50a",
        "FileName": "KeyboardMouseHooks.exe",
        "Url": "./0/00148808-7b42-4b5c-81aa-d335a101d50a",
        "Type": "Application",
        "UploadDate": "2011-01-22T07:18:11.413-08:00"
      }
    ]
  },
  {
    "Id": "1",
    "Name": "KeyboardMouseHooks Classes v1.1",
    "DevelopmentStatus": "Stable",
    "Description": "*Package includes:*\n* KeyboardHook Class\n* MouseHook Class\n* Demo Application\n* Full Visual Studio Solution\n\n*Change Log*\n\n_v1.1_\n* switched to target .NET 3.5 framework\n* added XML documentation file\n* added icons\n* added assembly information",
    "ReleasedDatge": "0001-01-01T00:00:00",
    "ModifiedDate": "2011-01-27T10:22:04.383-08:00",
    "Files": [
      {
        "Id": "8fcd12ca-c495-46c9-be7f-73dfa6c57cc6",
        "FileName": "KeyboardMouseHooks.zip",
        "Url": "./1/8fcd12ca-c495-46c9-be7f-73dfa6c57cc6",
        "Type": "Source Code",
        "UploadDate": "2011-01-27T10:22:03.963-08:00"
      },
      {
        "Id": "b03be64f-d2e3-41d9-8ea4-31c67add7c42",
        "FileName": "KeyboardHook.cs",
        "Url": "./1/b03be64f-d2e3-41d9-8ea4-31c67add7c42",
        "Type": "Source Code",
        "UploadDate": "2011-01-27T10:22:04.01-08:00"
      },
      {
        "Id": "1e2d7b56-459f-4242-944d-8f9dda95b5fb",
        "FileName": "MouseHook.cs",
        "Url": "./1/1e2d7b56-459f-4242-944d-8f9dda95b5fb",
        "Type": "Source Code",
        "UploadDate": "2011-01-27T10:22:04.01-08:00"
      },
      {
        "Id": "432e144c-8d88-4d2a-9cda-b9726211e06a",
        "FileName": "demo.zip",
        "Url": "./1/432e144c-8d88-4d2a-9cda-b9726211e06a",
        "Type": "Application",
        "UploadDate": "2011-01-27T10:22:04.023-08:00"
      }
    ]
  }
]